product_id,product_name,category,subcategory,price_tier,pack_size_units,shelf_life_days,is_festival_linked,festival_name,weather_sensitivity,launch_date,is_historical
PRD_EST_001,Kombucha & Tonics (Mid 4pk),Beverages,Kombucha & Tonics,mid,4.0,144,0,,0,2026-03-05,1
PRD_EST_002,Kombucha & Tonics (Premium 6pk) - Harvest Fair Edition,Beverages,Kombucha & Tonics,premium,6.0,101,1,Harvest Fair,1,2025-02-15,1
PRD_EST_003,Flatbreads & Wraps (Mid 4pk),Bakery,Flatbreads & Wraps,mid,4.0,9,0,,0,2025-11-04,1
PRD_EST_004,Artisan Chocolate (Mid 4pk),Confectionery,Artisan Chocolate,mid,4.0,245,0,,0,2026-01-24,1
PRD_EST_005,Herbal Teas (Budget 1pk),Beverages,Herbal Teas,budget,1.0,89,0,,1,2024-12-02,1
PRD_EST_006,Specialty Greens (Budget 2pk) - Harvest Fair Edition,Fresh Produce,Specialty Greens,budget,2.0,9,1,Harvest Fair,0,2025-12-28,1
PRD_EST_007,Craft Soda (Budget 4pk),Beverages,Craft Soda,budget,4.0,148,0,,0,2025-07-30,1
PRD_EST_008,Organic Berries (Premium 1pk),Fresh Produce,Organic Berries,premium,1.0,4,0,,1,2026-01-03,1
PRD_EST_009,Herbal Teas (Mid 4pk),Beverages,Herbal Teas,mid,4.0,157,0,,0,2024-11-27,1
PRD_EST_010,Herbal Teas (Mid 4pk),Beverages,Herbal Teas,mid,4.0,93,0,,1,2024-12-28,1
PRD_EST_011,Festive Sweet Treats (Budget 2pk),Confectionery,Festive Sweet Treats,budget,2.0,130,0,,1,2026-01-22,1
PRD_EST_012,Pastries & Croissants (Premium 2pk),Bakery,Pastries & Croissants,premium,2.0,11,0,,0,2024-11-17,1
PRD_EST_013,Organic Berries (Premium 3pk),Fresh Produce,Organic Berries,premium,3.0,5,0,,1,2025-06-11,1
PRD_EST_014,Organic Berries (Budget 2pk) - Diwali Edition,Fresh Produce,Organic Berries,budget,2.0,10,1,Diwali,0,2025-06-15,1
PRD_EST_015,Cold Brew & Iced Coffee (Budget 6pk),Beverages,Cold Brew & Iced Coffee,budget,6.0,159,0,,1,2025-09-27,1
PRD_EST_016,Flatbreads & Wraps (Budget 6pk) - Harvest Fair Edition,Bakery,Flatbreads & Wraps,budget,6.0,5,1,Harvest Fair,0,2025-05-01,1
PRD_EST_017,Cold Brew & Iced Coffee (Budget 4pk),Beverages,Cold Brew & Iced Coffee,budget,4.0,175,0,,1,2024-10-30,1
PRD_EST_018,Pastries & Croissants (Mid 2pk),Bakery,Pastries & Croissants,mid,2.0,12,0,,1,2024-09-17,1
PRD_EST_019,Gourmet Candies (Mid 2pk),Confectionery,Gourmet Candies,mid,2.0,219,0,,0,2025-02-22,1
PRD_EST_020,Nut & Fruit Bites (Budget 1pk) - Harvest Fair Edition,Confectionery,Nut & Fruit Bites,budget,1.0,186,1,Harvest Fair,1,2025-07-19,1
PRD_EST_021,Cold Brew & Iced Coffee (Mid 1pk) - Diwali Edition,Beverages,Cold Brew & Iced Coffee,mid,1.0,45,1,Diwali,0,2025-12-29,1
PRD_EST_022,Herbal Teas (Budget 12pk),Beverages,Herbal Teas,budget,12.0,84,0,,1,2024-11-12,1
PRD_EST_023,Kombucha & Tonics (Budget 12pk) - Spring Holiday Edition,Beverages,Kombucha & Tonics,budget,12.0,78,1,Spring Holiday,1,2025-01-15,1
PRD_EST_024,Artisan Chocolate (Mid 1pk),Confectionery,Artisan Chocolate,mid,1.0,91,0,,1,2025-11-20,1
PRD_EST_025,Craft Soda (Mid 4pk),Beverages,Craft Soda,mid,4.0,167,0,,1,2025-05-30,1
PRD_EST_026,Gourmet Candies (Mid 1pk),Confectionery,Gourmet Candies,mid,1.0,286,0,,0,2025-12-01,1
PRD_EST_027,Artisan Bread (Budget 1pk) - Spring Holiday Edition,Bakery,Artisan Bread,budget,1.0,8,1,Spring Holiday,0,2025-01-25,1
PRD_EST_028,Pastries & Croissants (Mid 6pk),Bakery,Pastries & Croissants,mid,6.0,5,0,,0,2024-12-01,1
PRD_EST_029,Root Vegetables (Mid 3pk),Fresh Produce,Root Vegetables,mid,3.0,12,0,,1,2025-08-29,1
PRD_EST_030,Specialty Greens (Budget 1pk),Fresh Produce,Specialty Greens,budget,1.0,13,0,,1,2025-04-24,1
PRD_EST_031,Artisan Bread (Mid 6pk) - Diwali Edition,Bakery,Artisan Bread,mid,6.0,7,1,Diwali,0,2025-12-31,1
PRD_EST_032,Pastries & Croissants (Budget 6pk),Bakery,Pastries & Croissants,budget,6.0,6,0,,0,2026-01-30,1
PRD_EST_033,Cakes & Muffins (Budget 4pk) - Harvest Fair Edition,Bakery,Cakes & Muffins,budget,4.0,9,1,Harvest Fair,0,2025-01-30,1
PRD_EST_034,Herbal Teas (Premium 12pk),Beverages,Herbal Teas,premium,12.0,110,0,,0,2026-03-02,1
PRD_EST_035,Artisan Chocolate (Premium 1pk) - Harvest Fair Edition,Confectionery,Artisan Chocolate,premium,1.0,335,1,Harvest Fair,1,2025-03-19,1
PRD_EST_036,Pastries & Croissants (Premium 4pk) - Harvest Fair Edition,Bakery,Pastries & Croissants,premium,4.0,9,1,Harvest Fair,0,2026-03-03,1
PRD_EST_037,Organic Berries (Budget 1pk) - Diwali Edition,Fresh Produce,Organic Berries,budget,1.0,8,1,Diwali,0,2025-10-03,1
PRD_EST_038,Heirloom Citrus (Budget 3pk),Fresh Produce,Heirloom Citrus,budget,3.0,7,0,,1,2025-06-14,1
PRD_EST_039,Festive Sweet Treats (Mid 1pk),Confectionery,Festive Sweet Treats,mid,1.0,107,0,,0,2026-01-25,1
PRD_EST_040,Flatbreads & Wraps (Mid 2pk) - Spring Holiday Edition,Bakery,Flatbreads & Wraps,mid,2.0,9,1,Spring Holiday,0,2024-12-29,1
PRD_EST_041,Artisan Bread (Budget 1pk),Bakery,Artisan Bread,budget,1.0,7,0,,0,2025-10-11,1
PRD_EST_042,Gourmet Candies (Mid 1pk),Confectionery,Gourmet Candies,mid,1.0,217,0,,0,2026-01-30,1
PRD_EST_043,Specialty Greens (Budget 3pk),Fresh Produce,Specialty Greens,budget,3.0,7,0,,1,2025-01-19,1
PRD_EST_044,Craft Soda (Premium 4pk),Beverages,Craft Soda,premium,4.0,75,0,,1,2025-04-05,1
PRD_EST_045,Gourmet Candies (Budget 4pk),Confectionery,Gourmet Candies,budget,4.0,141,0,,1,2026-01-31,1
PRD_EST_046,Gourmet Candies (Mid 2pk) - Lunar New Year Edition,Confectionery,Gourmet Candies,mid,2.0,295,1,Lunar New Year,1,2025-08-26,1
PRD_EST_047,Festive Sweet Treats (Budget 4pk),Confectionery,Festive Sweet Treats,budget,4.0,95,0,,1,2024-10-06,1
PRD_EST_048,Festive Sweet Treats (Mid 1pk),Confectionery,Festive Sweet Treats,mid,1.0,119,0,,1,2025-06-13,1
PRD_EST_049,Artisan Bread (Mid 6pk),Bakery,Artisan Bread,mid,6.0,10,0,,0,2024-10-04,1
PRD_EST_050,Cakes & Muffins (Budget 2pk) - Spring Holiday Edition,Bakery,Cakes & Muffins,budget,2.0,9,1,Spring Holiday,1,2025-08-22,1
PRD_EST_051,Root Vegetables (Premium 1pk),Fresh Produce,Root Vegetables,premium,1.0,14,0,,1,2025-11-04,1
PRD_EST_052,Heirloom Citrus (Mid 3pk) - Harvest Fair Edition,Fresh Produce,Heirloom Citrus,mid,3.0,10,1,Harvest Fair,1,2025-08-27,1
PRD_EST_053,Nut & Fruit Bites (Premium 2pk) - Diwali Edition,Confectionery,Nut & Fruit Bites,premium,2.0,351,1,Diwali,1,2025-08-08,1
PRD_EST_054,Festive Sweet Treats (Premium 8pk),Confectionery,Festive Sweet Treats,premium,8.0,286,0,,1,2024-11-12,1
PRD_EST_055,Cold Brew & Iced Coffee (Mid 6pk),Beverages,Cold Brew & Iced Coffee,mid,6.0,161,0,,1,2025-12-06,1
PRD_EST_056,Herbal Teas (Premium 4pk) - Diwali Edition,Beverages,Herbal Teas,premium,4.0,80,1,Diwali,1,2024-11-10,1
PRD_EST_057,Cakes & Muffins (Budget 6pk),Bakery,Cakes & Muffins,budget,6.0,8,0,,0,2025-01-26,1
PRD_EST_058,Craft Soda (Budget 1pk),Beverages,Craft Soda,budget,1.0,57,0,,1,2024-09-27,1
PRD_EST_059,Artisan Chocolate (Budget 2pk),Confectionery,Artisan Chocolate,budget,2.0,122,0,,0,2025-04-21,1
PRD_EST_060,Nut & Fruit Bites (Budget 8pk),Confectionery,Nut & Fruit Bites,budget,8.0,141,0,,0,2025-06-19,1
PRD_EST_061,Herbal Teas (Mid 12pk) - Diwali Edition,Beverages,Herbal Teas,mid,12.0,91,1,Diwali,1,2025-07-14,1
PRD_EST_062,Heirloom Citrus (Budget 2pk) - Lunar New Year Edition,Fresh Produce,Heirloom Citrus,budget,2.0,12,1,Lunar New Year,1,2025-10-06,1
PRD_EST_063,Cold Brew & Iced Coffee (Premium 12pk) - Spring Holiday Edition,Beverages,Cold Brew & Iced Coffee,premium,12.0,134,1,Spring Holiday,1,2025-08-12,1
PRD_EST_064,Nut & Fruit Bites (Mid 1pk),Confectionery,Nut & Fruit Bites,mid,1.0,354,0,,1,2025-03-16,1
PRD_EST_065,Root Vegetables (Budget 2pk),Fresh Produce,Root Vegetables,budget,2.0,12,0,,1,2025-07-29,1
PRD_EST_066,Gourmet Candies (Mid 4pk),Confectionery,Gourmet Candies,mid,4.0,283,0,,0,2025-01-21,1
PRD_EST_067,Kombucha & Tonics (Budget 4pk) - Spring Holiday Edition,Beverages,Kombucha & Tonics,budget,4.0,166,1,Spring Holiday,1,2026-02-12,1
PRD_EST_068,Cakes & Muffins (Premium 2pk) - Harvest Fair Edition,Bakery,Cakes & Muffins,premium,2.0,12,1,Harvest Fair,0,2025-08-07,1
PRD_EST_069,Festive Sweet Treats (Budget 4pk) - Spring Holiday Edition,Confectionery,Festive Sweet Treats,budget,4.0,254,1,Spring Holiday,1,2025-12-18,1
PRD_EST_070,Artisan Chocolate (Premium 1pk) - Diwali Edition,Confectionery,Artisan Chocolate,premium,1.0,239,1,Diwali,0,2026-01-29,1
PRD_EST_071,Pastries & Croissants (Mid 2pk),Bakery,Pastries & Croissants,mid,2.0,5,0,,0,2024-11-12,1
PRD_EST_072,Pastries & Croissants (Budget 6pk),Bakery,Pastries & Croissants,budget,6.0,9,0,,1,2025-11-14,1
PRD_EST_073,Herbal Teas (Budget 1pk) - Harvest Fair Edition,Beverages,Herbal Teas,budget,1.0,178,1,Harvest Fair,1,2025-02-20,1
PRD_EST_074,Gourmet Candies (Premium 1pk) - Harvest Fair Edition,Confectionery,Gourmet Candies,premium,1.0,184,1,Harvest Fair,0,2025-11-08,1
PRD_EST_075,Flatbreads & Wraps (Mid 6pk) - Harvest Fair Edition,Bakery,Flatbreads & Wraps,mid,6.0,10,1,Harvest Fair,1,2025-01-05,1
PRD_EST_076,Artisan Chocolate (Mid 8pk),Confectionery,Artisan Chocolate,mid,8.0,245,0,,0,2025-10-06,1
PRD_EST_077,Gourmet Candies (Mid 4pk),Confectionery,Gourmet Candies,mid,4.0,335,0,,0,2025-06-10,1
PRD_EST_078,Specialty Greens (Budget 1pk),Fresh Produce,Specialty Greens,budget,1.0,8,0,,1,2024-11-21,1
PRD_EST_079,Festive Sweet Treats (Mid 1pk),Confectionery,Festive Sweet Treats,mid,1.0,313,0,,1,2025-08-06,1
PRD_EST_080,Heirloom Citrus (Budget 2pk),Fresh Produce,Heirloom Citrus,budget,2.0,8,0,,0,2025-06-02,1
PRD_NEW_081,Pastries & Croissants (Premium 1pk),Bakery,Pastries & Croissants,premium,1.0,8,0,,0,2026-07-11,0
PRD_NEW_082,Kombucha & Tonics (Mid 12pk),Beverages,Kombucha & Tonics,mid,12.0,144,0,,1,2026-08-14,0
PRD_NEW_083,Gourmet Candies (Budget 4pk),Confectionery,Gourmet Candies,budget,4.0,357,0,,0,2026-08-06,0
PRD_NEW_084,Festive Sweet Treats (Budget 4pk) - Harvest Fair Edition,Confectionery,Festive Sweet Treats,budget,4.0,292,1,Harvest Fair,1,2026-07-13,0
PRD_NEW_085,Herbal Teas (Budget 1pk),Beverages,Herbal Teas,budget,1.0,167,0,,1,2026-08-16,0
PRD_NEW_086,Kombucha & Tonics (Budget 6pk),Beverages,Kombucha & Tonics,budget,6.0,180,0,,1,2026-08-10,0
PRD_NEW_087,Pastries & Croissants (Mid 4pk),Bakery,Pastries & Croissants,mid,4.0,8,0,,0,2026-07-14,0
PRD_NEW_088,Herbal Teas (Mid 1pk),Beverages,Herbal Teas,mid,1.0,43,0,,1,2026-08-20,0
PRD_NEW_089,Artisan Chocolate (Premium 1pk) - Spring Holiday Edition,Confectionery,Artisan Chocolate,premium,1.0,353,1,Spring Holiday,0,2026-08-17,0
PRD_NEW_090,Flatbreads & Wraps (Mid 6pk),Bakery,Flatbreads & Wraps,mid,6.0,6,0,,0,2026-08-24,0
PRD_NEW_091,Pastries & Croissants (Budget 2pk) - Lunar New Year Edition,Bakery,Pastries & Croissants,budget,2.0,9,1,Lunar New Year,1,2026-07-11,0
PRD_NEW_092,Gourmet Candies (Mid 8pk),Confectionery,Gourmet Candies,mid,8.0,290,0,,1,2026-07-22,0
