promo_id,product_id,start_date,end_date,discount_pct,promo_type
PRM_0001,PRD_EST_001,2026-03-05,2026-03-19,0.15,Introductory Launch Discount
PRM_0002,PRD_EST_002,2025-02-15,2025-03-01,0.15,Introductory Launch Discount
PRM_0003,PRD_EST_005,2024-12-02,2024-12-16,0.25,Introductory Launch Discount
PRM_0004,PRD_EST_006,2025-12-28,2026-01-11,0.15,Introductory Launch Discount
PRM_0005,PRD_EST_007,2025-07-30,2025-08-13,0.15,Introductory Launch Discount
PRM_0006,PRD_EST_008,2026-01-03,2026-01-17,0.15,Introductory Launch Discount
PRM_0007,PRD_EST_009,2024-11-27,2024-12-11,0.25,Introductory Launch Discount
PRM_0008,PRD_EST_010,2024-12-28,2025-01-11,0.25,Introductory Launch Discount
PRM_0009,PRD_EST_012,2024-11-17,2024-12-01,0.15,Introductory Launch Discount
PRM_0010,PRD_EST_014,2025-06-15,2025-06-29,0.15,Introductory Launch Discount
PRM_0011,PRD_EST_015,2025-09-27,2025-10-11,0.15,Introductory Launch Discount
PRM_0012,PRD_EST_016,2025-05-01,2025-05-15,0.25,Introductory Launch Discount
PRM_0013,PRD_EST_020,2025-07-19,2025-08-02,0.25,Introductory Launch Discount
PRM_0014,PRD_EST_022,2024-11-12,2024-11-26,0.15,Introductory Launch Discount
PRM_0015,PRD_EST_024,2025-11-20,2025-12-04,0.25,Introductory Launch Discount
PRM_0016,PRD_EST_025,2025-05-30,2025-06-13,0.15,Introductory Launch Discount
PRM_0017,PRD_EST_027,2025-01-25,2025-02-08,0.15,Introductory Launch Discount
PRM_0018,PRD_EST_028,2024-12-01,2024-12-15,0.15,Introductory Launch Discount
PRM_0019,PRD_EST_029,2025-08-29,2025-09-12,0.15,Introductory Launch Discount
PRM_0020,PRD_EST_030,2025-04-24,2025-05-08,0.15,Introductory Launch Discount
PRM_0021,PRD_EST_034,2026-03-02,2026-03-16,0.15,Introductory Launch Discount
PRM_0022,PRD_EST_039,2026-01-25,2026-02-08,0.15,Introductory Launch Discount
PRM_0023,PRD_EST_043,2025-01-19,2025-02-02,0.15,Introductory Launch Discount
PRM_0024,PRD_EST_044,2025-04-05,2025-04-19,0.15,Introductory Launch Discount
PRM_0025,PRD_EST_047,2024-10-06,2024-10-20,0.15,Introductory Launch Discount
PRM_0026,PRD_EST_048,2025-06-13,2025-06-27,0.15,Introductory Launch Discount
PRM_0027,PRD_EST_050,2025-08-22,2025-09-05,0.15,Introductory Launch Discount
PRM_0028,PRD_EST_051,2025-11-04,2025-11-18,0.15,Introductory Launch Discount
PRM_0029,PRD_EST_052,2025-08-27,2025-09-10,0.25,Introductory Launch Discount
PRM_0030,PRD_EST_056,2024-11-10,2024-11-24,0.15,Introductory Launch Discount
PRM_0031,PRD_EST_057,2025-01-26,2025-02-09,0.15,Introductory Launch Discount
PRM_0032,PRD_EST_058,2024-09-27,2024-10-11,0.25,Introductory Launch Discount
PRM_0033,PRD_EST_061,2025-07-14,2025-07-28,0.25,Introductory Launch Discount
PRM_0034,PRD_EST_062,2025-10-06,2025-10-20,0.15,Introductory Launch Discount
PRM_0035,PRD_EST_064,2025-03-16,2025-03-30,0.25,Introductory Launch Discount
PRM_0036,PRD_EST_074,2025-11-08,2025-11-22,0.15,Introductory Launch Discount
PRM_0037,PRD_EST_075,2025-01-05,2025-01-19,0.15,Introductory Launch Discount
PRM_0038,PRD_EST_079,2025-08-06,2025-08-20,0.15,Introductory Launch Discount
PRM_0039,PRD_EST_080,2025-06-02,2025-06-16,0.15,Introductory Launch Discount
PRM_0040,PRD_NEW_081,2026-07-11,2026-07-25,0.25,Introductory Launch Discount
PRM_0041,PRD_NEW_082,2026-08-14,2026-08-28,0.25,Introductory Launch Discount
PRM_0042,PRD_NEW_086,2026-08-10,2026-08-24,0.25,Introductory Launch Discount
PRM_0043,PRD_NEW_088,2026-08-20,2026-09-03,0.25,Introductory Launch Discount
PRM_0044,PRD_NEW_089,2026-08-17,2026-08-31,0.15,Introductory Launch Discount
PRM_0045,PRD_NEW_090,2026-08-24,2026-09-07,0.15,Introductory Launch Discount
PRM_0046,PRD_NEW_091,2026-07-11,2026-07-25,0.25,Introductory Launch Discount
PRM_0047,PRD_NEW_092,2026-07-22,2026-08-05,0.15,Introductory Launch Discount
