store_id,store_name,region,climate_zone,nearby_festivals
STR_001,North Metro Market #1,North Metro,Temperate,"[""Harvest Fair"", ""Spring Holiday""]"
STR_002,North Metro Market #2,North Metro,Temperate,"[""Harvest Fair"", ""Spring Holiday""]"
STR_003,Central Valley Market #3,Central Valley,Temperate,"[""Harvest Fair"", ""Lunar New Year""]"
STR_004,South Coastal Market #4,South Coastal,Tropical,"[""Diwali"", ""Spring Holiday""]"
STR_005,South Coastal Market #5,South Coastal,Tropical,"[""Diwali"", ""Spring Holiday""]"
STR_006,South Coastal Market #6,South Coastal,Tropical,"[""Diwali"", ""Spring Holiday""]"
STR_007,North Metro Market #7,North Metro,Temperate,"[""Harvest Fair"", ""Spring Holiday""]"
STR_008,North Metro Market #8,North Metro,Temperate,"[""Harvest Fair"", ""Spring Holiday""]"
STR_009,Highland East Market #9,Highland East,Mountain,"[""Lunar New Year"", ""Diwali""]"
STR_010,North Metro Market #10,North Metro,Temperate,"[""Harvest Fair"", ""Spring Holiday""]"
STR_011,North Metro Market #11,North Metro,Temperate,"[""Harvest Fair"", ""Spring Holiday""]"
STR_012,North Metro Market #12,North Metro,Temperate,"[""Harvest Fair"", ""Spring Holiday""]"
STR_013,South Coastal Market #13,South Coastal,Tropical,"[""Diwali"", ""Spring Holiday""]"
STR_014,South Coastal Market #14,South Coastal,Tropical,"[""Diwali"", ""Spring Holiday""]"
STR_015,North Metro Market #15,North Metro,Temperate,"[""Harvest Fair"", ""Spring Holiday""]"
